<application>
  <component name="CodeFoldingSettings">
    <option name="COLLAPSE_METHODS" value="true" />
    <option name="COLLAPSE_DOC_COMMENTS" value="true" />
    <option name="COLLAPSE_CUSTOM_FOLDING_REGIONS" value="true" />
  </component>
  <component name="CodeInsightSettings">
    <option name="REFORMAT_ON_PASTE" value="2" />
  </component>
  <component name="DefaultFont">
    <option name="FONT_FAMILY" value="Fira Code Medium" />
    <option name="SECONDARY_FONT_FAMILY" value="JetBrains Mono" />
  </component>
  <component name="EditorSettings">
    <option name="languageBreadcrumbsMap">
      <map>
        <entry key="LESS" value="true" />
      </map>
    </option>
    <option name="IS_CAMEL_WORDS" value="true" />
    <option name="IS_MOUSE_CLICK_SELECTION_HONORS_CAMEL_WORDS" value="false" />
  </component>
  <component name="JSCodeFoldingSettings">
    <option name="collapseArrayLiterals" value="true" />
    <option name="collapseObjectLiterals" value="true" />
    <option name="collapseOneLineFunctions" value="true" />
    <option name="collapseXmlLiterals" value="true" />
    <option name="COLLAPSE_OBJECT_LITERALS" value="true" />
    <option name="COLLAPSE_ARRAY_LITERALS" value="true" />
    <option name="COLLAPSE_XML_LITERALS" value="true" />
  </component>
  <component name="JSEditorOptions">
    <option name="START_STRING_INTERPOLATION_ON_TYPING" value="true" />
  </component>
  <component name="SqlCodeCompletionSettings">
    <option name="customMappings">
      <map>
        <entry key="~/" value="/" />
      </map>
    </option>
    <CUSTOM_ALIAS_MAPPINGS>
      <entry table-name="~/" value="/" />
    </CUSTOM_ALIAS_MAPPINGS>
  </component>
  <component name="XmlFoldingSettings">
    <option name="COLLAPSE_XML_TAGS" value="true" />
  </component>
</application>