<application>
  <component name="FileTypeManager" version="17">
    <extensionMap>
      <mapping pattern="*.css.liquid" type="CSS" />
      <mapping pattern="*.js.liquid" type="JavaScript" />
      <mapping pattern=".env.dist" type="PLAIN_TEXT" />
      <removed_mapping ext="cmd" approved="true" type="PLAIN_TEXT" />
      <removed_mapping ext="bat" approved="true" type="PLAIN_TEXT" />
      <removed_mapping ext="log" approved="true" type="PLAIN_TEXT" />
      <mapping pattern="*.scss.liquid" type="SCSS" />
      <mapping ext="liquid" type="Twig" />
      <mapping pattern="index-h" type="Vue.js" />
      <removed_mapping ext="bat" approved="true" type="PLAIN_TEXT" />
      <removed_mapping ext="log" approved="true" type="PLAIN_TEXT" />
      <removed_mapping ext="dockerfile" approved="true" type="textmate" />
      <removed_mapping ext="makefile" approved="true" type="textmate" />
      <removed_mapping ext="cmd" approved="true" type="PLAIN_TEXT" />
      <removed_mapping ext="snakefile" approved="true" type="textmate" />
    </extensionMap>
  </component>
</application>