<application>
  <component name="FindSettings">
    <option name="customScope" value="All Places" />
    <option name="defaultScopeName" value="All Places" />
    <option name="SEARCH_SCOPE" value="All Places" />
    <mask>*.properties</mask>
    <mask>*.html</mask>
    <mask>*.jsp</mask>
    <mask>*.xml</mask>
    <mask>*.java</mask>
    <mask>*.as</mask>
    <mask>*.mxml</mask>
    <mask>*.md</mask>
    <mask>*.less</mask>
    <mask>*.css</mask>
    <mask>*.vue</mask>
    <mask>*.php</mask>
    <mask>*.twig</mask>
    <mask>*.js</mask>
    <mask>*.yml</mask>
    <mask>*.yml, *.js</mask>
    <mask>*.js*</mask>
  </component>
</application>