<application>
  <component name="MaterialThemeConfig">
    <option name="darkTitleBar" value="true" />
    <option name="isWizardShown" value="true" />
    <option name="pristineConfig" value="false" />
    <option name="statusBarTheme" value="false" />
    <option name="useMaterialFont2" value="true" />
    <option name="useMaterialWallpapers" value="true" />
    <option name="useProjectFrame" value="true" />
    <option name="tabOpacity" value="30" />
    <option name="tabFontSize" value="11" />
    <option name="accentColor" value="54d355" />
    <option name="selectedTheme" value="CUSTOM" />
    <option name="userId" value="-5e9f19e5:16aa784c538:-8000" />
    <option name="version" value="5.2.0" />
  </component>
</application>